{
    "resolution": [
        756,
        1008
    ],
    "bounds": [
        1.3333333333333333,
        6.561312942033041
    ],
    "translation_scale": 0.1242645151584958,
    "train_frame_nums": [
        10,
        20,
        30
    ],
    "intrinsic": [
        [
            767.6594848632812,
            0.0,
            504.0
        ],
        [
            0.0,
            767.6594848632812,
            378.0
        ],
        [
            0.0,
            0.0,
            1.0
        ]
    ],
    "average_pose": [
        [
            0.9994537627662654,
            -0.003412201291547944,
            -0.032871461401944316,
            0.16981817897433174
        ],
        [
            0.0034216715728594537,
            0.999994119186932,
            0.00023185167588250587,
            0.07822601165537592
        ],
        [
            0.03287047696643664,
            -0.0003442003749018147,
            0.9994595605976764,
            0.0018880020683878357
        ],
        [
            0.0,
            0.0,
            0.0,
            1.0
        ]
    ],
    "near": 1.0,
    "far": 6.561312942033041,
    "near_ndc": 0.0,
    "far_ndc": 1.0
}