{
    "resolution": [
        756,
        1008
    ],
    "bounds": [
        1.3333333333333335,
        9.993453088067955
    ],
    "translation_scale": 0.08277941452100393,
    "train_frame_nums": [
        18,
        37
    ],
    "intrinsic": [
        [
            832.4674682617188,
            0.0,
            504.0
        ],
        [
            0.0,
            832.4674682617188,
            378.0
        ],
        [
            0.0,
            0.0,
            1.0
        ]
    ],
    "average_pose": [
        [
            0.9999981079482454,
            0.0014151230251208105,
            0.001334738458644796,
            0.03461344111374737
        ],
        [
            -0.0015237443241144857,
            0.9963594681084198,
            0.0852378349909313,
            -0.18186775568163735
        ],
        [
            -0.001209257277812066,
            -0.08523970751668658,
            0.9963597392304178,
            0.06265073983483997
        ],
        [
            0.0,
            0.0,
            0.0,
            1.0
        ]
    ],
    "near": 1.0,
    "far": 9.993453088067955,
    "near_ndc": 0.0,
    "far_ndc": 1.0
}