{
    "resolution": [
        756,
        1008
    ],
    "bounds": [
        1.3333333333333333,
        10.492573491773053
    ],
    "translation_scale": 0.11519391233636231,
    "train_frame_nums": [
        13,
        27
    ],
    "intrinsic": [
        [
            767.6595458984375,
            0.0,
            504.0
        ],
        [
            0.0,
            767.6595458984375,
            378.0
        ],
        [
            0.0,
            0.0,
            1.0
        ]
    ],
    "average_pose": [
        [
            0.9999917678097817,
            -0.0036109982350228972,
            0.0018506767449802878,
            -0.03888182589900659
        ],
        [
            0.003527482044971892,
            0.999055850226584,
            0.043300866024359466,
            -0.15980251991023922
        ],
        [
            -0.002005288779739774,
            -0.043293981334404784,
            0.9990603635402249,
            0.03507017908843099
        ],
        [
            0.0,
            0.0,
            0.0,
            1.0
        ]
    ],
    "near": 1.0,
    "far": 10.492573491773053,
    "near_ndc": 0.0,
    "far_ndc": 1.0
}