{
    "resolution": [
        576,
        1024
    ],
    "focal_length": [
        482.5645751953125,
        482.5645751953125
    ],
    "bounds": [
        1.3333333730697632,
        133.33334350585938
    ],
    "translation_scale": 1.3333333333333333,
    "train_frame_nums": [
        0,
        10,
        20,
        30
    ],
    "average_pose": [
        [
            0.9925013325095966,
            0.006012620229461651,
            -0.12208584424351297,
            0.04645057420369041
        ],
        [
            -0.006580425247549092,
            0.9999693249313778,
            -0.004248199600555352,
            -0.03337047847000736
        ],
        [
            0.1220565564410059,
            0.005019720536146281,
            0.9925104530610761,
            -1.820391530732361
        ],
        [
            0.0,
            0.0,
            0.0,
            1.0
        ]
    ],
    "near": 1.0000000298023224,
    "far": 133.33334350585938,
    "near_ndc": 0.0,
    "far_ndc": 1.0
}