{
    "resolution": [
        756,
        1008
    ],
    "bounds": [
        1.3333333333333335,
        5.173148986663675
    ],
    "translation_scale": 0.07330857195382492,
    "train_frame_nums": [
        6,
        13
    ],
    "intrinsic": [
        [
            815.131591796875,
            0.0,
            504.0
        ],
        [
            0.0,
            815.131591796875,
            378.0
        ],
        [
            0.0,
            0.0,
            1.0
        ]
    ],
    "average_pose": [
        [
            0.9996274589711354,
            -0.011553075749958522,
            0.024727913612492956,
            -0.1897637703882335
        ],
        [
            0.011403606513532118,
            0.9999158972833527,
            0.006177063907095885,
            -0.012086036804728329
        ],
        [
            -0.024797198015012133,
            -0.005892775300615089,
            0.9996751343160739,
            0.0059830135485023535
        ],
        [
            0.0,
            0.0,
            0.0,
            1.0
        ]
    ],
    "near": 1.0,
    "far": 5.173148986663675,
    "near_ndc": 0.0,
    "far_ndc": 1.0
}