{
    "resolution": [
        756,
        1008
    ],
    "bounds": [
        1.3333333333333333,
        15.436263176172336
    ],
    "translation_scale": 0.03532337807543659,
    "train_frame_nums": [
        9,
        17
    ],
    "intrinsic": [
        [
            857.118896484375,
            0.0,
            504.0
        ],
        [
            0.0,
            857.118896484375,
            378.0
        ],
        [
            0.0,
            0.0,
            1.0
        ]
    ],
    "average_pose": [
        [
            0.9999536956825728,
            0.0005715957879851635,
            -0.009606235944410143,
            0.03380027090412622
        ],
        [
            -0.00029111993021054596,
            0.9995743250306619,
            0.02917334380359727,
            -0.00694605497699963
        ],
        [
            0.00961882217065863,
            -0.029169196385087654,
            0.9995282068267495,
            -0.005606721778025073
        ],
        [
            0.0,
            0.0,
            0.0,
            1.0
        ]
    ],
    "near": 1.0,
    "far": 15.436263176172336,
    "near_ndc": 0.0,
    "far_ndc": 1.0
}