{
    "resolution": [
        576,
        1024
    ],
    "focal_length": [
        493.9102478027344,
        493.9102478027344
    ],
    "bounds": [
        1.3333333730697632,
        133.33334350585938
    ],
    "translation_scale": 1.3333333333333333,
    "train_frame_nums": [
        10,
        20,
        30
    ],
    "average_pose": [
        [
            0.9347331591872191,
            0.01906922534347061,
            -0.35483839386498295,
            1.2442766301187873
        ],
        [
            -0.016102492725789307,
            0.9998063533115503,
            0.011312188376922466,
            0.14182111067980172
        ],
        [
            0.3549853952543634,
            -0.004860094922840033,
            0.9348592132687382,
            -5.222212720798861
        ],
        [
            0.0,
            0.0,
            0.0,
            1.0
        ]
    ],
    "near": 1.0000000298023224,
    "far": 133.33334350585938,
    "near_ndc": 0.0,
    "far_ndc": 1.0
}