{
    "resolution": [
        756,
        1008
    ],
    "bounds": [
        1.3333333333333333,
        12.5144196833525
    ],
    "translation_scale": 0.056249675135885094,
    "train_frame_nums": [
        7,
        17,
        26
    ],
    "intrinsic": [
        [
            893.7646484375,
            0.0,
            504.0
        ],
        [
            0.0,
            893.7646484375,
            378.0
        ],
        [
            0.0,
            0.0,
            1.0
        ]
    ],
    "average_pose": [
        [
            0.999727976206691,
            0.007967594746839453,
            -0.021920105465625336,
            -0.08061323511350117
        ],
        [
            -0.007712729252848805,
            0.9999019579890606,
            0.011687096179768982,
            -0.012862764158393047
        ],
        [
            0.022011074420533218,
            -0.011514853172883133,
            0.9996914127665901,
            0.0083469624361496
        ],
        [
            0.0,
            0.0,
            0.0,
            1.0
        ]
    ],
    "near": 1.0,
    "far": 12.5144196833525,
    "near_ndc": 0.0,
    "far_ndc": 1.0
}