{
    "resolution": [
        756,
        1008
    ],
    "bounds": [
        1.3333333333333333,
        12.39725434573929
    ],
    "translation_scale": 0.05641118924893516,
    "train_frame_nums": [
        11,
        22
    ],
    "intrinsic": [
        [
            893.7646484375,
            0.0,
            504.0
        ],
        [
            0.0,
            893.7646484375,
            378.0
        ],
        [
            0.0,
            0.0,
            1.0
        ]
    ],
    "average_pose": [
        [
            0.9996597463497013,
            0.0016919591329941446,
            -0.02602938344146636,
            -0.11193967835184343
        ],
        [
            -0.0013836072397843677,
            0.9999287134047962,
            0.011859752933144663,
            0.007976709099868305
        ],
        [
            0.026047594112635845,
            -0.011819703165540785,
            0.9995908250169276,
            -0.016798613462205136
        ],
        [
            0.0,
            0.0,
            0.0,
            1.0
        ]
    ],
    "near": 1.0,
    "far": 12.39725434573929,
    "near_ndc": 0.0,
    "far_ndc": 1.0
}