{
    "resolution": [
        756,
        1008
    ],
    "bounds": [
        1.3333333333333333,
        17.05693681394412
    ],
    "translation_scale": 0.10104165470742782,
    "train_frame_nums": [
        15,
        30,
        46
    ],
    "intrinsic": [
        [
            842.2058715820312,
            0.0,
            504.0
        ],
        [
            0.0,
            842.2058715820312,
            378.0
        ],
        [
            0.0,
            0.0,
            1.0
        ]
    ],
    "average_pose": [
        [
            0.9907618875317784,
            -0.010417182262716021,
            0.13521229429372553,
            -0.23535434612647052
        ],
        [
            0.008998953737785505,
            0.9998979449847286,
            0.01109587522198575,
            -0.026314346901607357
        ],
        [
            -0.1353140829555183,
            -0.009776601097622618,
            0.9907545190534761,
            -0.01276005550071089
        ],
        [
            0.0,
            0.0,
            0.0,
            1.0
        ]
    ],
    "near": 1.0,
    "far": 17.05693681394412,
    "near_ndc": 0.0,
    "far_ndc": 1.0
}