{
    "resolution": [
        576,
        1024
    ],
    "bounds": [
        1.3333333730697632,
        133.33334350585938
    ],
    "translation_scale": 1.3333333333333333,
    "train_frame_nums": [
        0,
        10,
        20,
        30
    ],
    "intrinsic": [
        [
            525.3306884765625,
            0.0,
            512.0
        ],
        [
            0.0,
            525.3306884765625,
            288.0
        ],
        [
            0.0,
            0.0,
            1.0
        ]
    ],
    "average_pose": [
        [
            0.9980340144293154,
            0.02737426870709002,
            -0.05638045277272235,
            0.27388215872444144
        ],
        [
            -0.027861209893799206,
            0.9995808304143193,
            -0.007868700748765004,
            -0.666061414298062
        ],
        [
            0.05614141987302073,
            0.009424058625241148,
            0.9983783491711292,
            -6.428126876945559
        ],
        [
            0.0,
            0.0,
            0.0,
            1.0
        ]
    ],
    "near": 1.0000000298023224,
    "far": 133.33334350585938,
    "near_ndc": 0.0,
    "far_ndc": 1.0
}