{
    "resolution": [
        756,
        1008
    ],
    "bounds": [
        1.3333333333333333,
        19.13012310655995
    ],
    "translation_scale": 0.11078439694916434,
    "train_frame_nums": [
        12,
        25,
        37,
        50
    ],
    "intrinsic": [
        [
            842.2059326171875,
            0.0,
            504.0
        ],
        [
            0.0,
            842.2059326171875,
            378.0
        ],
        [
            0.0,
            0.0,
            1.0
        ]
    ],
    "average_pose": [
        [
            0.9994939144425775,
            -0.006918367243896999,
            0.031049173691613897,
            0.026971732146096775
        ],
        [
            0.006410006475240207,
            0.999844265184293,
            0.01644254223251882,
            -0.0264847336659587
        ],
        [
            -0.031158093799859034,
            -0.016235195494953537,
            0.9993826052208432,
            0.017245579118173072
        ],
        [
            0.0,
            0.0,
            0.0,
            1.0
        ]
    ],
    "near": 1.0,
    "far": 19.13012310655995,
    "near_ndc": 0.0,
    "far_ndc": 1.0
}