{
    "resolution": [
        756,
        1008
    ],
    "bounds": [
        1.3333333333333335,
        12.110665376041265
    ],
    "translation_scale": 0.0883393695366168,
    "train_frame_nums": [
        13,
        28
    ],
    "intrinsic": [
        [
            842.8297729492188,
            0.0,
            504.0
        ],
        [
            0.0,
            842.8297729492188,
            378.0
        ],
        [
            0.0,
            0.0,
            1.0
        ]
    ],
    "average_pose": [
        [
            0.9994802213685118,
            -0.00680807467688116,
            0.031510906244422106,
            -0.021849109672003656
        ],
        [
            0.006560710943413605,
            0.9999469009381653,
            0.007946846926669936,
            0.006582936536226787
        ],
        [
            -0.03156333577218549,
            -0.007735982378015086,
            0.999471815716471,
            0.04581365864070821
        ],
        [
            0.0,
            0.0,
            0.0,
            1.0
        ]
    ],
    "near": 1.0,
    "far": 12.110665376041265,
    "near_ndc": 0.0,
    "far_ndc": 1.0
}