{
    "resolution": [
        756,
        1008
    ],
    "bounds": [
        1.3333333333333333,
        10.351715750522166
    ],
    "translation_scale": 0.0871465141693439,
    "train_frame_nums": [
        7,
        17
    ],
    "intrinsic": [
        [
            781.1557006835938,
            0.0,
            504.0
        ],
        [
            0.0,
            781.1557006835938,
            378.0
        ],
        [
            0.0,
            0.0,
            1.0
        ]
    ],
    "average_pose": [
        [
            0.9998853059534527,
            -0.008850605297034075,
            0.012289903345687475,
            -0.08848218565036021
        ],
        [
            0.008023926437515202,
            0.9978033490752153,
            0.06575783739455829,
            -0.042961482493759154
        ],
        [
            -0.01284490338210344,
            -0.06565168208172532,
            0.9977599235772825,
            0.038182074843642284
        ],
        [
            0.0,
            0.0,
            0.0,
            1.0
        ]
    ],
    "near": 1.0,
    "far": 10.351715750522166,
    "near_ndc": 0.0,
    "far_ndc": 1.0
}