{
    "resolution": [
        756,
        1008
    ],
    "bounds": [
        1.3333333333333335,
        15.895229615776492
    ],
    "translation_scale": 0.03620756671471687,
    "train_frame_nums": [
        6,
        12,
        19
    ],
    "intrinsic": [
        [
            857.118896484375,
            0.0,
            504.0
        ],
        [
            0.0,
            857.118896484375,
            378.0
        ],
        [
            0.0,
            0.0,
            1.0
        ]
    ],
    "average_pose": [
        [
            0.999978341026417,
            -0.0027004701104029016,
            -0.00600207790998993,
            0.002056465735337717
        ],
        [
            0.0028939878292410476,
            0.999468505284855,
            0.032470475483150914,
            -0.0016311473614482944
        ],
        [
            0.005911202288788063,
            -0.032487142146401866,
            0.9994546729505349,
            0.002503606621881616
        ],
        [
            0.0,
            0.0,
            0.0,
            1.0
        ]
    ],
    "near": 1.0,
    "far": 15.895229615776492,
    "near_ndc": 0.0,
    "far_ndc": 1.0
}