{
    "resolution": [
        576,
        1024
    ],
    "bounds": [
        1.3333333730697632,
        133.33334350585938
    ],
    "translation_scale": 1.3333333333333333,
    "train_frame_nums": [
        10,
        20
    ],
    "intrinsic": [
        [
            519.0487670898438,
            0.0,
            512.0
        ],
        [
            0.0,
            519.0487670898438,
            288.0
        ],
        [
            0.0,
            0.0,
            1.0
        ]
    ],
    "average_pose": [
        [
            0.8555821844326809,
            -0.08067582863434235,
            0.511341897711858,
            -0.3255917228233152
        ],
        [
            0.06546748108365401,
            0.9967133188736373,
            0.04771340378195749,
            0.05805396434315587
        ],
        [
            -0.5135105983346044,
            -0.007346472218754926,
            0.8580518019000808,
            -0.37292784869242385
        ],
        [
            0.0,
            0.0,
            0.0,
            1.0
        ]
    ],
    "near": 1.0000000298023224,
    "far": 133.33334350585938,
    "near_ndc": 0.0,
    "far_ndc": 1.0
}