{
    "resolution": [
        756,
        1008
    ],
    "bounds": [
        1.3333333333333333,
        10.630542989519041
    ],
    "translation_scale": 0.09002838526122041,
    "train_frame_nums": [
        11,
        22,
        33,
        44
    ],
    "intrinsic": [
        [
            832.4674682617188,
            0.0,
            504.0
        ],
        [
            0.0,
            832.4674682617188,
            378.0
        ],
        [
            0.0,
            0.0,
            1.0
        ]
    ],
    "average_pose": [
        [
            0.9985048848980332,
            0.012749156420829242,
            0.053154998309876196,
            -0.10816890884709723
        ],
        [
            -0.01426778772602768,
            0.9994979562865188,
            0.028288966267382552,
            -0.021850518857035105
        ],
        [
            -0.05276765172120819,
            -0.02900507523915983,
            0.9981854940551881,
            0.009891309548579995
        ],
        [
            0.0,
            0.0,
            0.0,
            1.0
        ]
    ],
    "near": 1.0,
    "far": 10.630542989519041,
    "near_ndc": 0.0,
    "far_ndc": 1.0
}