{
    "resolution": [
        756,
        1008
    ],
    "bounds": [
        1.3333333333333333,
        8.89924029706947
    ],
    "translation_scale": 0.08746458538681338,
    "train_frame_nums": [
        5,
        12,
        19
    ],
    "intrinsic": [
        [
            781.1557006835938,
            0.0,
            504.0
        ],
        [
            0.0,
            781.1557006835938,
            378.0
        ],
        [
            0.0,
            0.0,
            1.0
        ]
    ],
    "average_pose": [
        [
            0.9983159916761183,
            0.013185519531484606,
            -0.05649179443435317,
            6.80954923307278e-05
        ],
        [
            -0.009654266601460397,
            0.9980087662262811,
            0.06233215600221065,
            -0.018860209264612602
        ],
        [
            0.0572011879257442,
            -0.0616818012883933,
            0.996455407677485,
            -0.007115116268298706
        ],
        [
            0.0,
            0.0,
            0.0,
            1.0
        ]
    ],
    "near": 1.0,
    "far": 8.89924029706947,
    "near_ndc": 0.0,
    "far_ndc": 1.0
}