{
    "resolution": [
        756,
        1008
    ],
    "bounds": [
        1.3333333333333333,
        6.179403816938637
    ],
    "translation_scale": 0.07849926897402267,
    "train_frame_nums": [
        5,
        10,
        14
    ],
    "intrinsic": [
        [
            815.131591796875,
            0.0,
            504.0
        ],
        [
            0.0,
            815.131591796875,
            378.0
        ],
        [
            0.0,
            0.0,
            1.0
        ]
    ],
    "average_pose": [
        [
            0.9997951630031899,
            -0.00503075536929117,
            -0.01960417138874554,
            -0.12790825215311558
        ],
        [
            0.005488499023318268,
            0.9997119145451723,
            0.023365878859936264,
            -0.028705724393825925
        ],
        [
            0.019480975691581658,
            -0.023468690139002858,
            0.9995347478548524,
            -0.010344296680063514
        ],
        [
            0.0,
            0.0,
            0.0,
            1.0
        ]
    ],
    "near": 1.0,
    "far": 6.179403816938637,
    "near_ndc": 0.0,
    "far_ndc": 1.0
}