{
    "resolution": [
        576,
        1024
    ],
    "focal_length": [
        519.0487670898438,
        519.0487670898438
    ],
    "bounds": [
        1.3333333730697632,
        133.33334350585938
    ],
    "translation_scale": 1.3333333333333333,
    "train_frame_nums": [
        0,
        10,
        20,
        30
    ],
    "average_pose": [
        [
            0.8540165505913018,
            -0.08219251410425853,
            0.513712100248141,
            -0.3292408551069865
        ],
        [
            0.06750721757366332,
            0.9966004390441833,
            0.04722648062689983,
            0.05931016612102775
        ],
        [
            -0.5158473678246277,
            -0.005652921559877138,
            0.8566618572028528,
            -0.36966816427491056
        ],
        [
            0.0,
            0.0,
            0.0,
            1.0
        ]
    ],
    "near": 1.0000000298023224,
    "far": 133.33334350585938,
    "near_ndc": 0.0,
    "far_ndc": 1.0
}