{
    "resolution": [
        576,
        1024
    ],
    "bounds": [
        1.3333333730697632,
        133.33334350585938
    ],
    "translation_scale": 1.3333333333333333,
    "train_frame_nums": [
        10,
        20,
        30
    ],
    "intrinsic": [
        [
            525.3306884765625,
            0.0,
            512.0
        ],
        [
            0.0,
            525.3306884765625,
            288.0
        ],
        [
            0.0,
            0.0,
            1.0
        ]
    ],
    "average_pose": [
        [
            0.9983392586206512,
            0.02665512439579372,
            -0.05107082376674102,
            0.25723600344496367
        ],
        [
            -0.027214345376609335,
            0.99957670050286,
            -0.01028587466082407,
            -0.6024977355744634
        ],
        [
            0.0507750342441182,
            0.01165865151980808,
            0.9986420638758653,
            -6.635975488839589
        ],
        [
            0.0,
            0.0,
            0.0,
            1.0
        ]
    ],
    "near": 1.0000000298023224,
    "far": 133.33334350585938,
    "near_ndc": 0.0,
    "far_ndc": 1.0
}