{
    "resolution": [
        576,
        1024
    ],
    "bounds": [
        1.3333333730697632,
        133.33334350585938
    ],
    "translation_scale": 1.3333333333333333,
    "train_frame_nums": [
        0,
        10,
        20,
        30
    ],
    "intrinsic": [
        [
            853.7550048828125,
            0.0,
            512.0
        ],
        [
            0.0,
            853.7550048828125,
            288.0
        ],
        [
            0.0,
            0.0,
            1.0
        ]
    ],
    "average_pose": [
        [
            0.9913919261929285,
            0.018044960788860885,
            -0.12967817113764082,
            -1.1215947472558505
        ],
        [
            -0.014577732582108788,
            0.9995117263429086,
            0.02763690676943789,
            -0.01899654945370475
        ],
        [
            0.13011355960175444,
            -0.025508592535585958,
            0.9911709102443504,
            -0.03594447689443905
        ],
        [
            0.0,
            0.0,
            0.0,
            1.0
        ]
    ],
    "near": 1.0000000298023224,
    "far": 133.33334350585938,
    "near_ndc": 0.0,
    "far_ndc": 1.0
}