{
    "resolution": [
        576,
        1024
    ],
    "bounds": [
        1.3333333730697632,
        133.33334350585938
    ],
    "translation_scale": 1.3333333333333333,
    "train_frame_nums": [
        10,
        20
    ],
    "intrinsic": [
        [
            482.5645751953125,
            0.0,
            512.0
        ],
        [
            0.0,
            482.5645751953125,
            288.0
        ],
        [
            0.0,
            0.0,
            1.0
        ]
    ],
    "average_pose": [
        [
            0.9922537786091585,
            0.006104103776026262,
            -0.12407730958132042,
            0.06015845836033537
        ],
        [
            -0.006669032668187385,
            0.9999691991650748,
            -0.0041382030435374575,
            -0.03485696270806116
        ],
        [
            0.12404822787576601,
            0.004933623237580585,
            0.9922639248318118,
            -1.8277827592005458
        ],
        [
            0.0,
            0.0,
            0.0,
            1.0
        ]
    ],
    "near": 1.0000000298023224,
    "far": 133.33334350585938,
    "near_ndc": 0.0,
    "far_ndc": 1.0
}