{
    "resolution": [
        576,
        1024
    ],
    "bounds": [
        1.3333333730697632,
        133.33334350585938
    ],
    "translation_scale": 1.3333333333333333,
    "train_frame_nums": [
        10,
        20
    ],
    "intrinsic": [
        [
            493.9102478027344,
            0.0,
            512.0
        ],
        [
            0.0,
            493.9102478027344,
            288.0
        ],
        [
            0.0,
            0.0,
            1.0
        ]
    ],
    "average_pose": [
        [
            0.9455630662500627,
            0.017891134337795756,
            -0.3249467572632268,
            1.0874316116265257
        ],
        [
            -0.01513451832336936,
            0.9998248581069544,
            0.011009062926879231,
            0.14185646832887072
        ],
        [
            0.32508681009677876,
            -0.005491850645760053,
            0.9456682322451069,
            -5.177044935716314
        ],
        [
            0.0,
            0.0,
            0.0,
            1.0
        ]
    ],
    "near": 1.0000000298023224,
    "far": 133.33334350585938,
    "near_ndc": 0.0,
    "far_ndc": 1.0
}