{
    "resolution": [
        576,
        1024
    ],
    "focal_length": [
        853.7550048828125,
        853.7550048828125
    ],
    "bounds": [
        1.3333333730697632,
        133.33334350585938
    ],
    "translation_scale": 1.3333333333333333,
    "train_frame_nums": [
        10,
        20,
        30
    ],
    "average_pose": [
        [
            0.9889951027748186,
            0.01970219857794839,
            -0.1466305222612987,
            -1.2069372228980804
        ],
        [
            -0.015855265326975666,
            0.9994999410775947,
            0.027358332319348058,
            -0.0173624397687579
        ],
        [
            0.1470962176564623,
            -0.024732390848435367,
            0.9888129305354391,
            -0.05280202566750321
        ],
        [
            0.0,
            0.0,
            0.0,
            1.0
        ]
    ],
    "near": 1.0000000298023224,
    "far": 133.33334350585938,
    "near_ndc": 0.0,
    "far_ndc": 1.0
}