{
    "resolution": [
        756,
        1008
    ],
    "bounds": [
        1.3333333333333335,
        12.427526591525686
    ],
    "translation_scale": 0.05611299245594233,
    "train_frame_nums": [
        6,
        13,
        20,
        27
    ],
    "intrinsic": [
        [
            893.7646484375,
            0.0,
            504.0
        ],
        [
            0.0,
            893.7646484375,
            378.0
        ],
        [
            0.0,
            0.0,
            1.0
        ]
    ],
    "average_pose": [
        [
            0.9997684802968143,
            0.0031330918025829174,
            -0.02128777914097491,
            -0.06601793936476548
        ],
        [
            -0.0028526738429156128,
            0.999908934414907,
            0.013190342269667636,
            -0.0003276968273392046
        ],
        [
            0.021327167110150463,
            -0.013126561354811222,
            0.9996863734842313,
            -0.0029771177604898413
        ],
        [
            0.0,
            0.0,
            0.0,
            1.0
        ]
    ],
    "near": 1.0,
    "far": 12.427526591525686,
    "near_ndc": 0.0,
    "far_ndc": 1.0
}