{
    "resolution": [
        576,
        1024
    ],
    "bounds": [
        1.3333333730697632,
        133.33334350585938
    ],
    "translation_scale": 1.3333333333333333,
    "train_frame_nums": [
        10,
        20,
        30
    ],
    "intrinsic": [
        [
            482.5645751953125,
            0.0,
            512.0
        ],
        [
            0.0,
            482.5645751953125,
            288.0
        ],
        [
            0.0,
            0.0,
            1.0
        ]
    ],
    "average_pose": [
        [
            0.9911507007780513,
            0.006569170795661831,
            -0.13257878541544768,
            0.048389166710633
        ],
        [
            -0.007245010352455722,
            0.9999631010254734,
            -0.0046158869691488354,
            -0.03341621087497149
        ],
        [
            0.132543570844348,
            0.005535574277035067,
            0.9911617220440128,
            -1.9810171286290783
        ],
        [
            0.0,
            0.0,
            0.0,
            1.0
        ]
    ],
    "near": 1.0000000298023224,
    "far": 133.33334350585938,
    "near_ndc": 0.0,
    "far_ndc": 1.0
}