{
    "resolution": [
        576,
        1024
    ],
    "bounds": [
        1.3333333730697632,
        133.33334350585938
    ],
    "translation_scale": 1.3333333333333333,
    "train_frame_nums": [
        10,
        20,
        30
    ],
    "intrinsic": [
        [
            519.0487670898438,
            0.0,
            512.0
        ],
        [
            0.0,
            519.0487670898438,
            288.0
        ],
        [
            0.0,
            0.0,
            1.0
        ]
    ],
    "average_pose": [
        [
            0.8244876464597669,
            -0.08914518954488526,
            0.5588141515890959,
            -0.3763871516782086
        ],
        [
            0.07179700653411038,
            0.9960123423976165,
            0.05295850870590769,
            0.06339903866571836
        ],
        [
            -0.5613067883857948,
            -0.003542452909957239,
            0.8276002297845289,
            -0.38899031058105965
        ],
        [
            0.0,
            0.0,
            0.0,
            1.0
        ]
    ],
    "near": 1.0000000298023224,
    "far": 133.33334350585938,
    "near_ndc": 0.0,
    "far_ndc": 1.0
}