{
    "resolution": [
        756,
        1008
    ],
    "bounds": [
        1.3333333333333333,
        9.349833355752931
    ],
    "translation_scale": 0.08271897409463744,
    "train_frame_nums": [
        13,
        28,
        42
    ],
    "intrinsic": [
        [
            832.4674682617188,
            0.0,
            504.0
        ],
        [
            0.0,
            832.4674682617188,
            378.0
        ],
        [
            0.0,
            0.0,
            1.0
        ]
    ],
    "average_pose": [
        [
            0.9999506671742393,
            0.0036485763357690204,
            0.00923856636692372,
            0.061683919021483714
        ],
        [
            -0.003897211042833927,
            0.9996267748808697,
            0.027039280451944474,
            0.042826051103410374
        ],
        [
            -0.009136463423097645,
            -0.027073951170698368,
            0.9995916797393448,
            -0.017263010470826685
        ],
        [
            0.0,
            0.0,
            0.0,
            1.0
        ]
    ],
    "near": 1.0,
    "far": 9.349833355752931,
    "near_ndc": 0.0,
    "far_ndc": 1.0
}