{
    "resolution": [
        756,
        1008
    ],
    "bounds": [
        1.3333333333333333,
        9.222985303165459
    ],
    "translation_scale": 0.09016127800895134,
    "train_frame_nums": [
        4,
        10,
        14,
        20
    ],
    "intrinsic": [
        [
            781.1557006835938,
            0.0,
            504.0
        ],
        [
            0.0,
            781.1557006835938,
            378.0
        ],
        [
            0.0,
            0.0,
            1.0
        ]
    ],
    "average_pose": [
        [
            0.999284643190071,
            0.0005072675661066126,
            -0.03781460781376165,
            -0.00595507364433838
        ],
        [
            0.001564801697806634,
            0.998499101575158,
            0.054745735443491726,
            -0.010425109591712204
        ],
        [
            0.037785622664431084,
            -0.05476574507133651,
            0.9977840246699897,
            -0.035866540430063376
        ],
        [
            0.0,
            0.0,
            0.0,
            1.0
        ]
    ],
    "near": 1.0,
    "far": 9.222985303165459,
    "near_ndc": 0.0,
    "far_ndc": 1.0
}