{
    "resolution": [
        756,
        1008
    ],
    "bounds": [
        1.3333333333333333,
        8.714750985285303
    ],
    "translation_scale": 0.1018757231833438,
    "train_frame_nums": [
        7,
        15,
        25,
        33
    ],
    "intrinsic": [
        [
            767.6595458984375,
            0.0,
            504.0
        ],
        [
            0.0,
            767.6595458984375,
            378.0
        ],
        [
            0.0,
            0.0,
            1.0
        ]
    ],
    "average_pose": [
        [
            0.9999767571919578,
            -0.004517816012728564,
            -0.005106311225486497,
            4.7670476195000006e-05
        ],
        [
            0.00458082315398394,
            0.9999126802895563,
            0.01239547721499686,
            -0.008660549370487512
        ],
        [
            0.005049864858421527,
            -0.012418580217992517,
            0.9999101348272659,
            0.00814582892844098
        ],
        [
            0.0,
            0.0,
            0.0,
            1.0
        ]
    ],
    "near": 1.0,
    "far": 8.714750985285303,
    "near_ndc": 0.0,
    "far_ndc": 1.0
}