{
    "resolution": [
        300,
        400
    ],
    "focal_length": [
        721.9382731998488,
        721.9382731998488
    ],
    "bounds": [
        0.10000000149011612,
        5.0
    ],
    "translation_scale": 1,
    "train_frame_nums": [
        22,
        25,
        28
    ],
    "average_pose": [
        [
            1.0,
            0.0,
            0.0,
            0.0
        ],
        [
            0.0,
            1.0,
            0.0,
            0.0
        ],
        [
            0.0,
            0.0,
            1.0,
            0.0
        ],
        [
            0.0,
            0.0,
            0.0,
            1.0
        ]
    ],
    "near": 0.09000000134110452,
    "far": 5.0
}