{
    "resolution": [
        756,
        1008
    ],
    "bounds": [
        1.3333333333333333,
        16.883276554580803
    ],
    "translation_scale": 0.10314621711999929,
    "train_frame_nums": [
        20,
        42
    ],
    "intrinsic": [
        [
            842.2059326171875,
            0.0,
            504.0
        ],
        [
            0.0,
            842.2059326171875,
            378.0
        ],
        [
            0.0,
            0.0,
            1.0
        ]
    ],
    "average_pose": [
        [
            0.9997532008070468,
            -0.0017703766698285034,
            0.022145050067944993,
            0.05642792498323783
        ],
        [
            0.001115406448836947,
            0.9995625677768037,
            0.02955383169567608,
            -0.03460122310899653
        ],
        [
            -0.022187684523599045,
            -0.029521837102209316,
            0.9993178512313244,
            0.00790917390682349
        ],
        [
            0.0,
            0.0,
            0.0,
            1.0
        ]
    ],
    "near": 1.0,
    "far": 16.883276554580803,
    "near_ndc": 0.0,
    "far_ndc": 1.0
}