{
    "resolution": [
        756,
        1008
    ],
    "bounds": [
        1.3333333333333333,
        11.924959975885232
    ],
    "translation_scale": 0.09207261650283768,
    "train_frame_nums": [
        10,
        21,
        31
    ],
    "intrinsic": [
        [
            842.8297729492188,
            0.0,
            504.0
        ],
        [
            0.0,
            842.8297729492188,
            378.0
        ],
        [
            0.0,
            0.0,
            1.0
        ]
    ],
    "average_pose": [
        [
            0.9997711836961325,
            -0.006966475464174044,
            0.020224946735192515,
            -0.032780191891818626
        ],
        [
            0.006837487181217663,
            0.9999558876156349,
            0.006439844087744674,
            -0.019628738164574288
        ],
        [
            -0.020268917580398744,
            -0.006300082732380345,
            0.9997747145920846,
            0.022744691858882525
        ],
        [
            0.0,
            0.0,
            0.0,
            1.0
        ]
    ],
    "near": 1.0,
    "far": 11.924959975885232,
    "near_ndc": 0.0,
    "far_ndc": 1.0
}