{
    "resolution": [
        756,
        1008
    ],
    "focal_length": [
        815.1315832201474,
        815.1315832201474
    ],
    "bounds": [
        1.3333333333333333,
        6.179403816938637
    ],
    "translation_scale": 0.07849926897402267,
    "train_frame_nums": [
        5,
        10,
        14
    ],
    "average_pose": [
        [
            0.9997951630031899,
            -0.00503075536929117,
            -0.019604171388745536,
            -0.12790825215311558
        ],
        [
            0.005488499023318268,
            0.9997119145451723,
            0.02336587885993626,
            -0.028705724393825925
        ],
        [
            0.01948097569158166,
            -0.023468690139002858,
            0.9995347478548524,
            -0.010344296680063514
        ],
        [
            0.0,
            0.0,
            0.0,
            1.0
        ]
    ],
    "near": 1.0,
    "far": 6.179403816938637,
    "near_ndc": 0.0,
    "far_ndc": 1.0
}