{
    "resolution": [
        756,
        1008
    ],
    "bounds": [
        1.3333333333333335,
        10.654872405522617
    ],
    "translation_scale": 0.09350417036462065,
    "train_frame_nums": [
        7,
        17,
        25,
        34
    ],
    "intrinsic": [
        [
            842.8297729492188,
            0.0,
            504.0
        ],
        [
            0.0,
            842.8297729492188,
            378.0
        ],
        [
            0.0,
            0.0,
            1.0
        ]
    ],
    "average_pose": [
        [
            0.9999945253626459,
            0.0026887785044381893,
            0.0019286562396529814,
            -0.06635200980708798
        ],
        [
            -0.002706984891132856,
            0.999951207338442,
            0.009500272374579698,
            -0.013078651158732656
        ],
        [
            -0.0019030180072347402,
            -0.009505441207334613,
            0.9999530114509971,
            0.020166157052228205
        ],
        [
            0.0,
            0.0,
            0.0,
            1.0
        ]
    ],
    "near": 1.0,
    "far": 10.654872405522617,
    "near_ndc": 0.0,
    "far_ndc": 1.0
}