{
    "resolution": [
        576,
        1024
    ],
    "bounds": [
        1.3333333730697632,
        133.33334350585938
    ],
    "translation_scale": 1.3333333333333333,
    "train_frame_nums": [
        0,
        10,
        20,
        30
    ],
    "intrinsic": [
        [
            493.9102478027344,
            0.0,
            512.0
        ],
        [
            0.0,
            493.9102478027344,
            288.0
        ],
        [
            0.0,
            0.0,
            1.0
        ]
    ],
    "average_pose": [
        [
            0.9444692464999207,
            0.018082223789354274,
            -0.32810192867263677,
            1.1043187560068135
        ],
        [
            -0.01524296328305302,
            0.9998208257589624,
            0.011223566679895032,
            0.14001418249895983
        ],
        [
            0.3282460883030044,
            -0.005599067913346194,
            0.9445756486127926,
            -5.1715278402925895
        ],
        [
            0.0,
            0.0,
            0.0,
            1.0
        ]
    ],
    "near": 1.0000000298023224,
    "far": 133.33334350585938,
    "near_ndc": 0.0,
    "far_ndc": 1.0
}