{
    "resolution": [
        756,
        1008
    ],
    "bounds": [
        1.3333333333333333,
        16.11097686151239
    ],
    "translation_scale": 0.035804751993316536,
    "train_frame_nums": [
        5,
        10,
        15,
        20
    ],
    "intrinsic": [
        [
            857.118896484375,
            0.0,
            504.0
        ],
        [
            0.0,
            857.118896484375,
            378.0
        ],
        [
            0.0,
            0.0,
            1.0
        ]
    ],
    "average_pose": [
        [
            0.999993142714564,
            -0.001619877179539382,
            -0.0033302435005218784,
            -0.003814025750197395
        ],
        [
            0.0017270233230668964,
            0.9994726263941198,
            0.0324266322531573,
            -0.010372257372913859
        ],
        [
            0.0032759600564023442,
            -0.03243216130268112,
            0.9994685702907049,
            -0.013542982657607814
        ],
        [
            0.0,
            0.0,
            0.0,
            1.0
        ]
    ],
    "near": 1.0,
    "far": 16.11097686151239,
    "near_ndc": 0.0,
    "far_ndc": 1.0
}