{
    "resolution": [
        756,
        1008
    ],
    "bounds": [
        1.3333333333333333,
        5.868907342977516
    ],
    "translation_scale": 0.07603626639342781,
    "train_frame_nums": [
        4,
        7,
        12,
        15
    ],
    "intrinsic": [
        [
            815.131591796875,
            0.0,
            504.0
        ],
        [
            0.0,
            815.131591796875,
            378.0
        ],
        [
            0.0,
            0.0,
            1.0
        ]
    ],
    "average_pose": [
        [
            0.9997814413868671,
            -0.010440380392336052,
            0.018112645186768566,
            -0.18224106255277528
        ],
        [
            0.010134862873960862,
            0.999806186449711,
            0.01687821351363565,
            -0.008190571646567746
        ],
        [
            -0.018285349680125216,
            -0.016690955459445347,
            0.999693482019827,
            -0.000824398130754803
        ],
        [
            0.0,
            0.0,
            0.0,
            1.0
        ]
    ],
    "near": 1.0,
    "far": 5.868907342977516,
    "near_ndc": 0.0,
    "far_ndc": 1.0
}